PSU Readback Voltage,PSU Readback Current,PSU Voltage Set,Load Current Set,DMM Voltage Measured,key,Programming/Voltage Absolute Error (V),Relative/Voltage Percentage Error (%),PSU Readback Voltage Error (V),PSU Readback Voltage Percentage Error (%)
0.5798595,10.29911,1.0,1.0,0.0973199137,0,-0.9026800863,-0.9026800863,0.4825395863,0.4825395863
0.5818776,10.29911,2.0,1.0,0.162264123,0,-1.837735877,-1.837735877,0.41961347699999996,0.41961347699999996
0.5828867,10.29911,3.0,1.0,0.2282266,0,-2.7717734,-2.7717734,0.3546601,0.3546601
0.5838958,10.29911,1.0,2.0,0.305613459,1,-0.6943865410000001,-0.6943865410000001,0.278282341,0.278282341
0.5849048,10.29911,2.0,2.0,0.369297338,1,-1.630702662,-1.630702662,0.21560746200000003,0.21560746200000003
0.585914,10.29911,3.0,2.0,0.432464865,1,-2.567535135,-2.567535135,0.15344913500000007,0.15344913500000007
0.586923,10.29911,1.0,3.0,0.507770143,2,-0.492229857,-0.492229857,0.07915285699999997,0.07915285699999997
0.5879321,10.29911,2.0,3.0,0.568583591,2,-1.4314164090000001,-1.4314164090000001,0.019348508999999958,0.019348508999999958
0.5889412,10.29911,3.0,3.0,0.627271,2,-2.372729,-2.372729,-0.03832979999999997,-0.03832979999999997
