PSU Readback Voltage,PSU Readback Current,PSU Voltage Set,Load Current Set,DMM Voltage Measured,Programming/Voltage Absolute Error (V),Relative/Voltage Percentage Error (%),PSU Readback Voltage Error (V),PSU Readback Voltage Percentage Error (%),Programming Upper Error Boundary (V),Programming Lower Error Boundary (V),Programming Condition,Readback Upper Error Boundary (V),Readback Lower Error Boundary (V),Readback Condition,Programming Upper Percentage Error Boundary (%),Programming Lower Percentage Error Boundary (%),Programming Percentage Condition,Readback Upper Percentage Error Boundary (%),Readback Lower Percentage Error Boundary (%),Readback Percentage Condition
0.5798595,10.29911,1.0,1.0,0.0973199137,-0.9026800863,-16412.365205454546,0.4825395863,8773.447023636363,0.0055,-0.0055,FAIL,0.0055,-0.0055,FAIL,100.0,-100.0,FAIL,100.0,-100.0,FAIL
0.5818776,10.29911,2.0,1.0,0.162264123,-1.837735877,-30628.93128333333,0.4196134769999999,6993.5579499999985,0.006,-0.006,FAIL,0.006,-0.006,FAIL,100.0,-100.0,FAIL,100.0,-100.0,FAIL
0.5828867,10.29911,3.0,1.0,0.2282266,-2.7717734,-42642.66769230769,0.3546601,5456.30923076923,0.006500000000000001,-0.006500000000000001,FAIL,0.006500000000000001,-0.006500000000000001,FAIL,100.0,-100.0,FAIL,100.0,-100.0,FAIL
0.5838958,10.29911,1.0,2.0,0.305613459,-0.6943865410000001,-12625.20983636364,0.278282341,5059.678927272727,0.0055,-0.0055,FAIL,0.0055,-0.0055,FAIL,100.0,-100.0,FAIL,100.0,-100.0,FAIL
0.5849048,10.29911,2.0,2.0,0.369297338,-1.630702662,-27178.377699999997,0.215607462,3593.4577,0.006,-0.006,FAIL,0.006,-0.006,FAIL,100.0,-100.0,FAIL,100.0,-100.0,FAIL
0.585914,10.29911,3.0,2.0,0.432464865,-2.567535135,-39500.54053846154,0.153449135,2360.7559230769225,0.006500000000000001,-0.006500000000000001,FAIL,0.006500000000000001,-0.006500000000000001,FAIL,100.0,-100.0,FAIL,100.0,-100.0,FAIL
0.586923,10.29911,1.0,3.0,0.507770143,-0.492229857,-8949.633763636364,0.0791528569999999,1439.1428545454528,0.0055,-0.0055,FAIL,0.0055,-0.0055,FAIL,100.0,-100.0,FAIL,100.0,-100.0,FAIL
0.5879321,10.29911,2.0,3.0,0.568583591,-1.431416409,-23856.94015,0.0193485089999999,322.47514999999834,0.006,-0.006,FAIL,0.006,-0.006,FAIL,100.0,-100.0,FAIL,100.0,-100.0,FAIL
0.5889412,10.29911,3.0,3.0,0.627271,-2.372729,-36503.52307692308,-0.0383297999999999,-589.6892307692292,0.006500000000000001,-0.006500000000000001,FAIL,0.006500000000000001,-0.006500000000000001,FAIL,100.0,-100.0,FAIL,100.0,-100.0,FAIL
